Party 1,Party 2,Type,Book-Page,Date,Description,Additional Description,Related
GREEN JENNIFER,REL JUDLIEN,217-1,07/10/2026,VOL 203 PG 553,,BK: 203 PG:553,
IRELAND PHILIP L ESTATE,PRO CERT,217-2,07/10/2026,,,,
NELSON DANA E TRUSTEECORSINI-NELSON LORI-JEAN TRUSTEENELSON REVOCABLE LIVING TRUST AGREEMENT,WARRANTY DEED,217-3,07/10/2026,92 MOON ROAD,,,
MILLER KERRI,CHANGENAME,217-6,07/10/2026,524 WESTFORD HILL ROAD,,,
WILMINGTON TRUST TRUSTEE,MTG,217-7,07/10/2026,,,,
CYGANIEWICZ KERRY J JRCUTLER EMILY J,REL MTG,217-23,07/13/2026,VOL 212 PG 311,,BK: 212 PG:311,
QUENZER GERARD F,REL MTG,217-24,07/13/2026,VOL 207 PG 877,,BK: 207 PG:877,
TIBBETTS MEGAN,WARRANTY DEED,217-25,07/13/2026,33 FERENCE ROAD,,,
PNG PROPERTY MANAGEMENT LLC,DEED,217-27,07/13/2026,69 LAUREL LANE,,,
PNG PROPERTY MANAGEMENT LLC,DEED,217-29,07/13/2026,69 LAUREL LANE,,,
CONNECTICUT STATE EMPLOYEES CREDIT UNION INC,MTG,217-31,07/14/2026,,,,
PEREIRA JOSEPH JR,WARRANTY DEED,217-37,07/14/2026,214 JAMES ROAD,,,
MERSMORTGAGE ELECTRONIC REGISTRATION SYSTEMS INCPRIMELENDING,MORTGAGE,217-40,07/14/2026,,,,
HOAR DILLON JOHNMESSIER AMANDA,DEED,217-65,07/14/2026,11 TOWN LINE EXTENSION,,,
MERSMORTGAGE ELECTRONIC REGISTRATION SYSTEMS INCUNITED WHOLESALE MORTGAGE LLC,MTG,217-67,07/14/2026,,,,
PAVLISCSAK MATTHEW JPAVLISCSAK CHRISSA L,REL MTG,217-90,07/14/2026,VOL 211 PG 837,,BK: 211 PG:837,
DYNAMO CAPITAL LLC,MTG,217-91,07/15/2026,ASSIGMENT OF LEASES AND RENTS,,BK: 217 PG:719,
WARNICK ZACHARY TPHILLIPS SARAH NICOLE,WARRANTY DEED,217-115,07/15/2026,173 WESTFORD HILL ROAD,,,
MERSMORTGAGE ELECTRONIC REGISTRATION SYSTEMS INCPRIMELENDING,MTG,217-117,07/15/2026,,,,
CAMPBELL ROXANNE MCAMPBELL ANDREW C,REL MTG,217-136,07/17/2026,VOL 200 PG 485,,BK: 200 PG:485,
PILVER MICHAEL JPILVER PAMELA E,REL MTG,217-137,07/17/2026,VOL 192 PG 610,,BK: 192 PG:610,
JILEK MELISSA A,WARRANTY DEED,217-139,07/20/2026,"74 LAKE WOODS LANE, LOT 12 ON MAP ""LAKE WOODS LANE SUBDIVISION""",,,
MERSMORTGAGE ELECTRONIC REGISTRATION SYSTEMS INCROCKET MORTGAGE LLC,MTG,217-142,07/20/2026,,,,
SIMPSON MERRILL P ESTATESIMPSON MERRILL PAUL ESTATE,PRO CERT,217-161,07/20/2026,,,,
BAKER WYATT,CERT DEVISE,217-162,07/20/2026,152 BEBBINGTON LANE,,BK: 113 PG:252,
HOLDEN RYAN DAVID,REL,217-163,07/21/2026,VOL. 214 PG 953,,BK: 214 PG:953,
RENNA EUGENERENNA BARBARA,WARRANTY DEED,217-164,07/21/2026,CIRCLE DRIVE MBL 55 360,,,
RENNA EUGENERENNA BARBARA,WARRANTY DEED,217-167,07/21/2026,DEERFIELD DRIVE MBL 55 358,,,
BAKER JULIE,WARRANTY DEED,217-170,07/21/2026,"46 ASHFORD LAKE DRIVE, LOT 146 SECTION A ON MAP ""ASHFORD LAKE""",,,
MERSMORTGAGE ELECTRONIC REGISTRATION SYSTEMS INCPRIMARY RESIDENTIAL MORTGAGE INC,MTG,217-173,07/21/2026,,,,
CASTILLO LEE ANN,WARRANTY DEED,217-191,07/21/2026,339 FERENCE ROAD,,,
MERSMORTGAGE ELECTRONIC REGISTRATION SYSTEMS INCCROSSCOUNTRY MORTGAGE LLC,MTG,217-193,07/21/2026,,,,
CARABINO JARRED MCARABINO LISA R,REL MTG,217-207,07/22/2026,VOL 178 PG 405,,BK: 178 PG:405,
AMERICAN EAGLE FINANCIAL CREDIT UNION INC,MORTGAGE,217-208,07/24/2026,,,,
FALLETTI WILLIAM AFALLETTI LINDA G,REL MTG,217-215,07/24/2026,VOL 176 PG 838,,BK: 176 PG:838,
GROSS ROBERT H IVGROSS JESSICA D,REL MTG,217-216,07/27/2026,VOL 209 PG 510,,BK: 209 PG:510,
CHARTER OAK FEDERAL CREDIT UNION,MORTGAGE,217-217,07/27/2026,,,,
HOAR DILLON JOHN,REL MTG,217-223,07/27/2026,VOL 211 PG 403,,BK: 211 PG:403,
SHINOSKI PHILIP A ESTATE,PRO CERT,217-224,07/27/2026,,,,
DESAULNIERS DAVID,REL MTG,217-225,07/27/2026,VOL 199 PG 865,,BK: 199 PG:865,
ZAMBO JOSEPH,PRO CERT,217-226,07/27/2026,,,,
JOSHUAS TRACT CONSERVATION AND HISTORIC TRUST INC,WARRANTY DEED,217-227,07/29/2026,93 UPTON ROAD & 90-94 UPTON ROAD,,,
GOBIN ALVIN J ESTATE,PROBTAX CERT,217-230,07/29/2026,,,BK: 106 PG:135,
DYKSHOORN SETH EDYKSHOORN LILLIAN,WARRANTY DEED,217-231,07/29/2026,318 JAMES ROAD,,,
MERSMORTGAGE ELECTRONIC REGISTRATION SYSTEMS INCNAVY FEDERAL CREDIT UNION,MTG,217-234,07/29/2026,,,,
LEPRIE JUNIE,WARRANTY DEED,217-259,07/29/2026,348 FERENCE ROAD,,,
JANSEN JOSEPH,MTG,217-261,07/29/2026,,,,
BAKER JANET INA,REL TOWN TAX LIEN,217-264,07/31/2026,,,BK: 113 PG:252,
BAKER JANET INA,REL TOWN TAX LIEN,217-264,07/31/2026,VOL 202 PG 908,,BK: 113 PG:252,
BAKER JANET INA,REL TOWN TAX LIEN,217-264,07/31/2026,VOL 206 PG 183,,BK: 113 PG:252,
BAKER JANET INA,REL TOWN TAX LIEN,217-264,07/31/2026,VOL 209 PG 56,,BK: 113 PG:252,
BAKER JANET INA,REL TOWN TAX LIEN,217-264,07/31/2026,VOL 211 PG 172,,BK: 113 PG:252,
BAKER JANET INA,REL TOWN TAX LIEN,217-264,07/31/2026,VOL 213 PG 742,,BK: 113 PG:252,
BAKER JANET INA ESTATE,REL TOWN TAX LIEN,217-264,07/31/2026,VOL 216 PG 388,,BK: 113 PG:252,
SEABURG STEPHANIE A,REL TOWN TAX LIEN,217-264,07/31/2026,VOL 216 PG 388,,BK: 182 PG:678,
PROVENCHER RICHARD J JRPROVENCHER MARY E,REL TOWN TAX LIEN,217-264,07/31/2026,VOL 216 PG 388,,BK: 107 PG:97,
FREEDOM MORTGAGE CORPORATION,ASSIGNMENT OF MORTGAGE,217-265,07/31/2026,,,BK: 180 PG:12,
EGGEN MARIANNE W,DEED,217-266,08/03/2026,PURPOSE OF THIS RECISSION AND QC DEED IS TO RESCIND AND COMPLETELY UNWIND DEED VOL 216 PG 720,RESTORE PARTIES TO THEIR POSITIONS PRIOR TO SAID DEED,BK: 216 PG:720,
EGGEN PETER TRUSTEEEGGEN FAMILY IRREVOCABLE TRUST DATED JULY 28 2026,DEED,217-268,08/03/2026,72 SOUTH WORTH DRIVE,,,
LAVALLEE BRUCE P,REL MTG,217-270,08/04/2026,VOL 205 PG 462,,BK: 205 PG:462,
SZYCH ANDREW M ESTATE,PROBTAX CERT,217-271,08/04/2026,,,BK: 113 PG:724,
SHERMAN ANITA L,REL MTG,217-272,08/04/2026,VOL 206 PG 26,,BK: 206 PG:26,
C NICKERSON LIVING TRUST DATED JANUARY 26 2012NICKERSON JOHN S,DEED,217-273,08/05/2026,152 BEBBINGTON LANE,,,
MALONEY NORMA ESTATEMALONEY NORMA J ESTATE,PROBTAX CERT,217-275,08/07/2026,,,BK: 92 PG:965,
CAMPBELL ROXANNE,REL JUDLIEN,217-276,08/10/2026,VOL 205 PG 688,,BK: 205 PG:688,
BOWLEY SUSAN M,DEED,217-277,08/10/2026,LIFE USE,630 WESTFORD RD,,
UNITED WHOLESALE MORTGAGE LLCMERSMORTGAGE ELECTRONIC REGISTRATION SYSTEMS INC,MORTGAGE,217-279,08/12/2026,,,,
LIEBLA KYLE CLIEBLA JANELLE M,REL,217-293,08/14/2026,"VOL 205, PAGE 918",,BK: 205 PG:918,
MANUFACTURERS AND TRADERS TRUST COMPANY,MORTGAGE,217-295,08/14/2026,,,,
LACROIX JOSHUA,UCCTERMNATN,217-306,08/17/2026,VOL 210 PG 975,,BK: 210 PG:975,
KRUPA THOMAS G ESTATE,PROBTAX CERT,217-308,08/17/2026,,,BK: 215 PG:660,
WILMINGTON SAVINGS FUND SOCIETY FSB TRUSTEEONITY LOAN ACQUISITION TRUST 2025-HB1,ASSIGNMENT OF MORTGAGE,217-309,08/17/2026,VOL 183 PG 346,,BK: 183 PG:346,
ULTRALIGHT 2 RESIDENTIAL SOLAR LLC,UCC,217-311,08/18/2026,,,,
LOMBARDI DUSTIN M,REL MTG,217-313,08/19/2026,VOL 206 PG 900,,BK: 206 PG:900,
QUENZER GERARD F,REL MTG,217-314,08/19/2026,VOL 189 PG 43,,BK: 189 PG:43,
MERCIER TRACY JMERCIER SHANNON J,REL MTG,217-315,08/19/2026,VOL 203 PG 188,,BK: 203 PG:188,
GALLY SARAH C,CERT DEVISE,217-316,08/19/2026,100% TO SARAH GALLY & LIFE USE TO GEORGE GALLY,456 FERENCE ROAD,,
BOUNTY THOMAS MBOUNTY MARGARET H,WARRANTY DEED,217-317,08/19/2026,MBL 9 A 22 HOWEY ROAD 2.7 AC,,,
CARRINGTON MORTGAGE SERVICES LLC,ASSIGNMENT OF MORTGAGE,217-319,08/19/2026,,,BK: 167 PG:596,
BOONE KAMERYNBOONE SHANNON,WARRANTY DEED,217-321,08/19/2026,362 TURNPIKE ROAD,,,
MERSMORTGAGE ELECTRONIC REGISTRATION SYSTEMS INCGUARANTEED RATE INC,MTG,217-324,08/19/2026,,,,
MERCIER TRACY JMERCIER SHANNON J,REL MTG,217-345,08/21/2026,VOL 212 PAGE 678,,BK: 212 PG:678,
CAMPBELL ROXANNE MCAMPBELL ANDREW C,REL,217-346,08/21/2026,"VOL 196, PAGE 383",,BK: 196 PG:383,
CITIZENS BANK,MORTGAGE,217-348,08/21/2026,,,,
JEWETT CITY SAVINGS BANK,MORTGAGE,217-353,08/21/2026,,,,
FIRST COLONY MORTGAGE CORPORATIONMERSMORTGAGE ELECTRONIC REGISTRATION SYSTEMS INC,MORTGAGE,217-359,08/25/2026,,,,
POWERS PAULINE FRANCES ESTATE,PROBTAX CERT,217-375,08/25/2026,,,BK: 205 PG:18,
TOCE KELLYTOCE DANIEL D,WARRANTY DEED,217-376,08/25/2026,102 KRAPF ROAD,,,
MERSMORTGAGE ELECTRONIC REGISTRATION SYSTEMS INCROCKET MORTGAGE LLC,MTG,217-379,08/25/2026,,,,
LAMOT PETER L,REL MTG,217-400,08/25/2026,VOL 189 PG 109,,BK: 189 PG:109,
MORTGAGEPROS LLCMERSMORTGAGE ELECTRONIC REGISTRATION SYSTEMS INC,MORTGAGE,217-401,08/25/2026,,,,
BAER DAVID W ESTATE,PROBTAX CERT,217-423,08/28/2026,,,,
CASTAGNA DOROTHY BEAN,CHANGENAME,217-424,08/28/2026,,,,
CASTAGNA DOROTHY BEAN TRUSTEEDOROTHY BEAN CASTAGNA REVOCABLE TRUST AGREEMENT DATED AUGUST 24 2026,WARRANTY DEED,217-425,08/28/2026,89 ASHFORD CENTER ROAD & ASSESSOR MAP ID 35B11.1 ASHFORD CENTER ROAD,,,
FLYNN KYLE TFLYNN BARBARA J,RELMTG,217-427,08/28/2026,"VOL 114, PG 906",,BK: 114 PG:906,
GUERIN ROBERT R TRUSTEEGUERIN TONI M TRUSTEEROBERT AND TONI GUERIN TRUST AGREEMENT DATED NOVEMBER 21 2010,REL MTG,217-428,08/28/2026,"VOL 211, PG 980",,BK: 211 PG:980,
STAFFORD SAVINGS BANK,MORTGAGE,217-429,08/28/2026,,,,
LONGHI JOHN R,WAR,217-434,08/28/2026,"21 WESTVIEW DRIVE, ASHFORD LAKE, LOTS 57,58,59,60,61,78,79",,,
MORTGAGE ELECTRONIC REGISTRATION SYSTEMS INCMERSUNITED WHOLESALE MORTGAGE LLC,MORTGAGE,217-436,08/28/2026,,,,
TESLA INC,UCC,217-459,09/01/2026,,,,
Equals,LR,Recording Date,Greater Than or Equal To,07/09/2026,Recording Date,Less Than or Equal To,09/27/2026
CAPITAL ONE,GREEN JENNIFER,REL JUDLIEN,217-1,07/10/2026,VOL 203 PG 553,,BK: 203 PG:553
IRELAND PHILIP L,IRELAND PHILIP L ESTATE,PRO CERT,217-2,07/10/2026,,,
NELSON DANA ECORSINI-NELSON LORI-JEAN,NELSON DANA E TRUSTEECORSINI-NELSON LORI-JEAN TRUSTEENELSON REVOCABLE LIVING TRUST AGREEMENT,WARRANTY DEED,217-3,07/10/2026,92 MOON ROAD,,
FRENETTE KERRI,MILLER KERRI,CHANGENAME,217-6,07/10/2026,524 WESTFORD HILL ROAD,,
TPA VII LLC,WILMINGTON TRUST TRUSTEE,MTG,217-7,07/10/2026,,,
CALIBER HOME LOANS INCMORTGAGE ELECTRONIC REGISTRATION SYSTEMS INCMERS,CYGANIEWICZ KERRY J JRCUTLER EMILY J,REL MTG,217-23,07/13/2026,VOL 212 PG 311,,BK: 212 PG:311
SECRETARY OF HOUSING AND URBAN DEVELOPMENT,QUENZER GERARD F,REL MTG,217-24,07/13/2026,VOL 207 PG 877,,BK: 207 PG:877
LAVALLEE BRUCE P,TIBBETTS MEGAN,WARRANTY DEED,217-25,07/13/2026,33 FERENCE ROAD,,
METSACK PAUL M JR,PNG PROPERTY MANAGEMENT LLC,DEED,217-27,07/13/2026,69 LAUREL LANE,,
METSACK STEPHEN A,PNG PROPERTY MANAGEMENT LLC,DEED,217-29,07/13/2026,69 LAUREL LANE,,
METSACK PAUL M JRMETSACK BEATA T,CONNECTICUT STATE EMPLOYEES CREDIT UNION INC,MTG,217-31,07/14/2026,,,
MERCIER SHANNON JMERCIER TRACY J,PEREIRA JOSEPH JR,WARRANTY DEED,217-37,07/14/2026,214 JAMES ROAD,,
PEREIRA JOSEPH JR,MERSMORTGAGE ELECTRONIC REGISTRATION SYSTEMS INCPRIMELENDING,MORTGAGE,217-40,07/14/2026,,,
HOAR DILLON JOHN,HOAR DILLON JOHNMESSIER AMANDA,DEED,217-65,07/14/2026,11 TOWN LINE EXTENSION,,
HOAR DILLON JOHNMESSIER AMANDA,MERSMORTGAGE ELECTRONIC REGISTRATION SYSTEMS INCUNITED WHOLESALE MORTGAGE LLC,MTG,217-67,07/14/2026,,,
PROVINCE MORTGAGE ASSOCIATES INCMORTGAGE ELECTRONIC REGISTRATION SYSTEMS INCMERS,PAVLISCSAK MATTHEW JPAVLISCSAK CHRISSA L,REL MTG,217-90,07/14/2026,VOL 211 PG 837,,BK: 211 PG:837
GLOBAL ENTERPRISES LLC,DYNAMO CAPITAL LLC,MTG,217-91,07/15/2026,ASSIGMENT OF LEASES AND RENTS,,BK: 217 PG:719
DESAULNIERS DAVID,WARNICK ZACHARY TPHILLIPS SARAH NICOLE,WARRANTY DEED,217-115,07/15/2026,173 WESTFORD HILL ROAD,,
WARNICK ZACHARY TPHILLIPS SARAH NICOLE,MERSMORTGAGE ELECTRONIC REGISTRATION SYSTEMS INCPRIMELENDING,MTG,217-117,07/15/2026,,,
SECRETARY OF HOUSING AND URBAN DEVELOPMENT,CAMPBELL ROXANNE MCAMPBELL ANDREW C,REL MTG,217-136,07/17/2026,VOL 200 PG 485,,BK: 200 PG:485
KEYBANK,PILVER MICHAEL JPILVER PAMELA E,REL MTG,217-137,07/17/2026,VOL 192 PG 610,,BK: 192 PG:610
GROSS ROBERT H IVGROSS JESSICA D,JILEK MELISSA A,WARRANTY DEED,217-139,07/20/2026,"74 LAKE WOODS LANE, LOT 12 ON MAP ""LAKE WOODS LANE SUBDIVISION""",,
JILEK MELISSA A,MERSMORTGAGE ELECTRONIC REGISTRATION SYSTEMS INCROCKET MORTGAGE LLC,MTG,217-142,07/20/2026,,,
SIMPSON MERRILL PSIMPSON MERRILL PAUL,SIMPSON MERRILL P ESTATESIMPSON MERRILL PAUL ESTATE,PRO CERT,217-161,07/20/2026,,,
BAKER JANET INA ESTATE,BAKER WYATT,CERT DEVISE,217-162,07/20/2026,152 BEBBINGTON LANE,,BK: 113 PG:252
MOVEMENT MORTGAGE LLCMORTGAGE ELECTRONIC REGISTRATION SYSTEMS INCMERS,HOLDEN RYAN DAVID,REL,217-163,07/21/2026,VOL. 214 PG 953,,BK: 214 PG:953
TREMONTE ROBERT J,RENNA EUGENERENNA BARBARA,WARRANTY DEED,217-164,07/21/2026,CIRCLE DRIVE MBL 55 360,,
TREMONTE ROBERT J,RENNA EUGENERENNA BARBARA,WARRANTY DEED,217-167,07/21/2026,DEERFIELD DRIVE MBL 55 358,,
OBLON MARKREID SONDRA,BAKER JULIE,WARRANTY DEED,217-170,07/21/2026,"46 ASHFORD LAKE DRIVE, LOT 146 SECTION A ON MAP ""ASHFORD LAKE""",,
BAKER JULIE,MERSMORTGAGE ELECTRONIC REGISTRATION SYSTEMS INCPRIMARY RESIDENTIAL MORTGAGE INC,MTG,217-173,07/21/2026,,,
RICHARD MARILYN A,CASTILLO LEE ANN,WARRANTY DEED,217-191,07/21/2026,339 FERENCE ROAD,,
CASTILLO LEE ANN,MERSMORTGAGE ELECTRONIC REGISTRATION SYSTEMS INCCROSSCOUNTRY MORTGAGE LLC,MTG,217-193,07/21/2026,,,
CHARTER OAK FEDERAL CREDIT UNION,CARABINO JARRED MCARABINO LISA R,REL MTG,217-207,07/22/2026,VOL 178 PG 405,,BK: 178 PG:405
AVALLONE DAVID,AMERICAN EAGLE FINANCIAL CREDIT UNION INC,MORTGAGE,217-208,07/24/2026,,,
JPMORGAN CHASE BANK,FALLETTI WILLIAM AFALLETTI LINDA G,REL MTG,217-215,07/24/2026,VOL 176 PG 838,,BK: 176 PG:838
T2 FINANCIAL LLCMORTGAGE ELECTRONIC REGISTRATION SYSTEMS INCMERSREVOLUTION MORTGAGE,GROSS ROBERT H IVGROSS JESSICA D,REL MTG,217-216,07/27/2026,VOL 209 PG 510,,BK: 209 PG:510
HAYWARD MICHAEL A,CHARTER OAK FEDERAL CREDIT UNION,MORTGAGE,217-217,07/27/2026,,,
JEWETT CITY SAVINGS BANK,HOAR DILLON JOHN,REL MTG,217-223,07/27/2026,VOL 211 PG 403,,BK: 211 PG:403
SHINOSKI PHILIP A,SHINOSKI PHILIP A ESTATE,PRO CERT,217-224,07/27/2026,,,
MERSMORTGAGE ELECTRONIC REGISTRATION SYSTEMS INC,DESAULNIERS DAVID,REL MTG,217-225,07/27/2026,VOL 199 PG 865,,BK: 199 PG:865
ZAMBO ANN-MARIE,ZAMBO JOSEPH,PRO CERT,217-226,07/27/2026,,,
MERRALL STEPHANIEGILLIKIN BRYAN,JOSHUAS TRACT CONSERVATION AND HISTORIC TRUST INC,WARRANTY DEED,217-227,07/29/2026,93 UPTON ROAD & 90-94 UPTON ROAD,,
CONNECTICUT STATE OF,GOBIN ALVIN J ESTATE,PROBTAX CERT,217-230,07/29/2026,,,BK: 106 PG:135
LIEBLA KYLE CLIEBLA JANELLE M,DYKSHOORN SETH EDYKSHOORN LILLIAN,WARRANTY DEED,217-231,07/29/2026,318 JAMES ROAD,,
DYKSHOORN SETH EDYKSHOORN LILLIAN,MERSMORTGAGE ELECTRONIC REGISTRATION SYSTEMS INCNAVY FEDERAL CREDIT UNION,MTG,217-234,07/29/2026,,,
JANSEN JOSEPH,LEPRIE JUNIE,WARRANTY DEED,217-259,07/29/2026,348 FERENCE ROAD,,
LEPRIE JUNIE,JANSEN JOSEPH,MTG,217-261,07/29/2026,,,
ASHFORD TOWN OF,BAKER JANET INA,REL TOWN TAX LIEN,217-264,07/31/2026,,,BK: 113 PG:252
ASHFORD TOWN OF,BAKER JANET INA ESTATE,REL TOWN TAX LIEN,217-264,07/31/2026,VOL 216 PG 388,,BK: 113 PG:252
ASHFORD TOWN OF,SEABURG STEPHANIE A,REL TOWN TAX LIEN,217-264,07/31/2026,VOL 216 PG 388,,BK: 182 PG:678
ASHFORD TOWN OF,PROVENCHER RICHARD J JRPROVENCHER MARY E,REL TOWN TAX LIEN,217-264,07/31/2026,VOL 216 PG 388,,BK: 107 PG:97
WELLS FARGO BANKGORDON NEIL,FREEDOM MORTGAGE CORPORATION,ASSIGNMENT OF MORTGAGE,217-265,07/31/2026,,,BK: 180 PG:12
EGGEN PETER,EGGEN MARIANNE W,DEED,217-266,08/03/2026,PURPOSE OF THIS RECISSION AND QC DEED IS TO RESCIND AND COMPLETELY UNWIND DEED VOL 216 PG 720,RESTORE PARTIES TO THEIR POSITIONS PRIOR TO SAID DEED,BK: 216 PG:720
EGGEN MARIANNE W,EGGEN PETER TRUSTEEEGGEN FAMILY IRREVOCABLE TRUST DATED JULY 28 2026,DEED,217-268,08/03/2026,72 SOUTH WORTH DRIVE,,
ROCKET MORTGAGE LLCMORTGAGE ELECTRONIC REGISTRATION SYSTEMS INCMERS,LAVALLEE BRUCE P,REL MTG,217-270,08/04/2026,VOL 205 PG 462,,BK: 205 PG:462
CONNECTICUT STATE OF,SZYCH ANDREW M ESTATE,PROBTAX CERT,217-271,08/04/2026,,,BK: 113 PG:724
CHARTER OAK FEDERAL CREDIT UNION,SHERMAN ANITA L,REL MTG,217-272,08/04/2026,VOL 206 PG 26,,BK: 206 PG:26
BAKER WYATT J,C NICKERSON LIVING TRUST DATED JANUARY 26 2012NICKERSON JOHN S,DEED,217-273,08/05/2026,152 BEBBINGTON LANE,,
CONNECTICUT STATE OF,MALONEY NORMA ESTATEMALONEY NORMA J ESTATE,PROBTAX CERT,217-275,08/07/2026,,,BK: 92 PG:965
CAPITAL ONE BANK USA,CAMPBELL ROXANNE,REL JUDLIEN,217-276,08/10/2026,VOL 205 PG 688,,BK: 205 PG:688
BOWLEY JOAN E,BOWLEY SUSAN M,DEED,217-277,08/10/2026,LIFE USE,630 WESTFORD RD,
MORGAN HOWARD CLIFFORD JRMORGAN H CLIFFORD JR,UNITED WHOLESALE MORTGAGE LLCMERSMORTGAGE ELECTRONIC REGISTRATION SYSTEMS INC,MORTGAGE,217-279,08/12/2026,,,
MORTGAGE ELECTRONIC REGISTRATION SYSTEMS INCMERSKEYBANK,LIEBLA KYLE CLIEBLA JANELLE M,REL,217-293,08/14/2026,"VOL 205, PAGE 918",,BK: 205 PG:918
ROBINSON NEAL L,MANUFACTURERS AND TRADERS TRUST COMPANY,MORTGAGE,217-295,08/14/2026,,,
SUNNOVA TE MANAGEMENT LLC,LACROIX JOSHUA,UCCTERMNATN,217-306,08/17/2026,VOL 210 PG 975,,BK: 210 PG:975
CONNECTICUT STATE OF,KRUPA THOMAS G ESTATE,PROBTAX CERT,217-308,08/17/2026,,,BK: 215 PG:660
ONITY MORTGAGE CORPORATIONSPECYALSKI HEATHERKUBASEK ANTHONY JKUBASEK CAROL L,WILMINGTON SAVINGS FUND SOCIETY FSB TRUSTEEONITY LOAN ACQUISITION TRUST 2025-HB1,ASSIGNMENT OF MORTGAGE,217-309,08/17/2026,VOL 183 PG 346,,BK: 183 PG:346
HOLDEN RYAN,ULTRALIGHT 2 RESIDENTIAL SOLAR LLC,UCC,217-311,08/18/2026,,,
TOTAL MORTGAGE SERVICES LLCMORTGAGE ELECTRONIC REGISTRATION SYSTEMS INCMERS,LOMBARDI DUSTIN M,REL MTG,217-313,08/19/2026,VOL 206 PG 900,,BK: 206 PG:900
FREEDOM MORTGAGE CORPORATION,QUENZER GERARD F,REL MTG,217-314,08/19/2026,VOL 189 PG 43,,BK: 189 PG:43
HARTFORD FEDERAL CREDIT UNION,MERCIER TRACY JMERCIER SHANNON J,REL MTG,217-315,08/19/2026,VOL 203 PG 188,,BK: 203 PG:188
GALLY JOHN J ESTATEGALLY JOHN ESTATEGALLY JOHN JAMES ESTATE,GALLY SARAH C,CERT DEVISE,217-316,08/19/2026,100% TO SARAH GALLY & LIFE USE TO GEORGE GALLY,456 FERENCE ROAD,
MOZZICATO FLORETTE D,BOUNTY THOMAS MBOUNTY MARGARET H,WARRANTY DEED,217-317,08/19/2026,MBL 9 A 22 HOWEY ROAD 2.7 AC,,
BANKUNITEDHANSEN ERIK,CARRINGTON MORTGAGE SERVICES LLC,ASSIGNMENT OF MORTGAGE,217-319,08/19/2026,,,BK: 167 PG:596
WILSON JAMESWILSON LYNN MWILSON LYNNE M,BOONE KAMERYNBOONE SHANNON,WARRANTY DEED,217-321,08/19/2026,362 TURNPIKE ROAD,,
BOONE KAMERYNBOONE SHANNON,MERSMORTGAGE ELECTRONIC REGISTRATION SYSTEMS INCGUARANTEED RATE INC,MTG,217-324,08/19/2026,,,
HARTFORD FEDERAL CREDIT UNION,MERCIER TRACY JMERCIER SHANNON J,REL MTG,217-345,08/21/2026,VOL 212 PAGE 678,,BK: 212 PG:678
MORTGAGE ELECTRONIC REGISTRATION SYSTEMS INCMERSCARRINGTON MORTGAGE SERVICES LLC,CAMPBELL ROXANNE MCAMPBELL ANDREW C,REL,217-346,08/21/2026,"VOL 196, PAGE 383",,BK: 196 PG:383
GROUS MATTHEWGROUS TESS,CITIZENS BANK,MORTGAGE,217-348,08/21/2026,,,
WILCOX SKYEWILCOX JOSEPH G,JEWETT CITY SAVINGS BANK,MORTGAGE,217-353,08/21/2026,,,
FLETCHER STEVEN CFLETCHER LOUISE K,FIRST COLONY MORTGAGE CORPORATIONMERSMORTGAGE ELECTRONIC REGISTRATION SYSTEMS INC,MORTGAGE,217-359,08/25/2026,,,
CONNECTICUT STATE OF,POWERS PAULINE FRANCES ESTATE,PROBTAX CERT,217-375,08/25/2026,,,BK: 205 PG:18
POWERS ALEXANDER JOHN,TOCE KELLYTOCE DANIEL D,WARRANTY DEED,217-376,08/25/2026,102 KRAPF ROAD,,
TOCE KELLYTOCE DANIEL D,MERSMORTGAGE ELECTRONIC REGISTRATION SYSTEMS INCROCKET MORTGAGE LLC,MTG,217-379,08/25/2026,,,
MERSMORTGAGE ELECTRONIC REGISTRATION SYSTEMS INC,LAMOT PETER L,REL MTG,217-400,08/25/2026,VOL 189 PG 109,,BK: 189 PG:109
MORGAN HOWARDMORGAN H CLIFFORD JR,MORTGAGEPROS LLCMERSMORTGAGE ELECTRONIC REGISTRATION SYSTEMS INC,MORTGAGE,217-401,08/25/2026,,,
CONNECTICUT STATE OF,BAER DAVID W ESTATE,PROBTAX CERT,217-423,08/28/2026,,,
BEAN DOROTHY E,CASTAGNA DOROTHY BEAN,CHANGENAME,217-424,08/28/2026,,,
CASTAGNA DOROTHY BEAN,CASTAGNA DOROTHY BEAN TRUSTEEDOROTHY BEAN CASTAGNA REVOCABLE TRUST AGREEMENT DATED AUGUST 24 2026,WARRANTY DEED,217-425,08/28/2026,89 ASHFORD CENTER ROAD & ASSESSOR MAP ID 35B11.1 ASHFORD CENTER ROAD,,
CONNECTICUT HOUSING FINANCE AUTHORITY,FLYNN KYLE TFLYNN BARBARA J,RELMTG,217-427,08/28/2026,"VOL 114, PG 906",,BK: 114 PG:906
STAFFORD SAVINGS BANK,GUERIN ROBERT R TRUSTEEGUERIN TONI M TRUSTEEROBERT AND TONI GUERIN TRUST AGREEMENT DATED NOVEMBER 21 2010,REL MTG,217-428,08/28/2026,"VOL 211, PG 980",,BK: 211 PG:980
GUERIN ROBERT R TRUSTEEGUERIN TONI M TRUSTEEROBERT AND TONI GUERIN TRUST AGREEMENT DATED NOVEMBER 20 2010,STAFFORD SAVINGS BANK,MORTGAGE,217-429,08/28/2026,,,
WRUBEL THEODORE JR,LONGHI JOHN R,WAR,217-434,08/28/2026,"21 WESTVIEW DRIVE, ASHFORD LAKE, LOTS 57,58,59,60,61,78,79",,
LONGHI JOHN R,MORTGAGE ELECTRONIC REGISTRATION SYSTEMS INCMERSUNITED WHOLESALE MORTGAGE LLC,MORTGAGE,217-436,08/28/2026,,,
DEAL KENNETH WDEAL CHRISTINE,TESLA INC,UCC,217-459,09/01/2026,,,
